{
    "Name" : "documentDetails",
    "components": {
			"nameOfcomponent" : "form-creation",
			"label" : "",
			"components": [
				{
					"nameOfcomponent" : "form-textEditor",
					"label": "ORIGINAL PLAN",
					"type": "editor",
					"value": ""
				},
				{
					"nameOfcomponent" : "form-textEditor",
					"label": "DESCRIPTION AND JUSTIFICATION OF CHANGE",
					"type": "editor",
					"value": ""
				},
				{
					"nameOfcomponent" : "form-datePicker",
					"label": "CHANGE NEEDED BY",
					"type": "datepicker",
					"value": ""
				},
				{
					"nameOfcomponent" : "form-radiobutton",
					"label": "CLOSE OUT (CHANGE IMPLEMENTED)",
					"type": "editor",
					"value": ""
				},
				{
					"nameOfcomponent" : "form-datePicker",
					"label": "CHANGE EFFECTED DATE",
					"type": "datepicker",
					"value": ""
					
				},
				{
					"nameOfcomponent" : "form-textEditor",
					"label": "IMPLEMENTATION COMMENT",
					"type": "editor",
					"value": "comment",
					"value": ""
				},
				{
					"nameOfcomponent" : "form-submit",
					"label": "save",
					"type": "submit"
				}
			]
		}        
    
}