{
    "Name" : "documentHeader",    
	"components" : {			
			"nameOfcomponent" : "div-panel",
			"classes": "",
			"components": [
						{
							"nameOfcomponent" : "div-panel",
							"label" : "",
							"classes": "padding-lr",
							"components": [
									{
		
										"nameOfcomponent": "form-creation",
										"label" : "",
										"components": [
											{
												"nameOfcomponent" : "form-input",
												"label": "Name *",
												"type": "text",
												"placeholder" : "Tahiti PC004 Completion - Changes on Contingency Isolation plan",
												"value": ""
											},
											{
												"nameOfcomponent" : "form-textEditor",
												"label": "DESCRIPTION *",
												"type": "editor",
												"value": ""
											},
											{
												"nameOfcomponent" : "form-inputselect",
												"label": "SET # OF DAYS CLOSE OUT REMINDER*",
												"type": "select",
												"value": ""
											},
											{
												"nameOfcomponent" : "div-panel",												
												"classes": "row",
												"components": [
													{
														"nameOfcomponent" : "div-panel",
														"classes": "col-auto mr-auto",
														"label": "Tags*"
													}
												]
											},
											{
												"nameOfcomponent" : "form-submit",
												"label": "save",
												"type": "submit"
											}											
										]
									}
							]
						}						
					]
		}
			
}