{
    "Name" : "documentHeader",    
	"components" : {
			"nameOfcomponent": "form-creation",
			"label" : "",
			"components": [
				{
					"nameOfcomponent" : "form-input",
					"label": "Name *",
					"type": "text",
					"placeholder" : "Tahiti PC004 Completion - Changes on Contingency Isolation plan",
					"value": "",
					"components": [
						{
							"nameOfcomponent" : "form-inputselect",
							"label": "SET # OF DAYS CLOSE OUT REMINDER*",
							"type": "select",
							"value": "",
							"components": [
									{
										"nameOfcomponent" : "form-radiobutton",
										"label": "CLOSE OUT (CHANGE IMPLEMENTED)",
										"type": "editor",
										"value": "",
										"components": [
											{
												"nameOfcomponent" : "form-input",
												"label": "Test input name *",
												"type": "text",
												"placeholder" : "Tahiti PC004 Completion - Changes on Contingency Isolation plan",
												"value": ""
											}
										]
									}
							]
						},
						
						{
							"nameOfcomponent" : "form-inputselect",
							"label": "Test123",
							"type": "select",
							"value": "",
							"components": [
									{
										"nameOfcomponent" : "form-radiobutton",
										"label": "TestXYZ",
										"type": "editor",
										"value": "",
										"components": [
											{
												"nameOfcomponent" : "form-input",
												"label": "Test input name *",
												"type": "text",
												"placeholder" : "Tahiti PC004 Completion - Changes on Contingency Isolation plan",
												"value": ""
											}
										]
									}
							]
						}
						
					]
				},
				{
					"nameOfcomponent" : "form-textEditor",
					"label": "DESCRIPTION *",
					"type": "editor",
					"value": ""
				},
				{
					"nameOfcomponent" : "form-inputselect",
					"label": "SET # OF DAYS CLOSE OUT REMINDER*",
					"type": "select",
					"value": ""
				},
				{
					"nameOfcomponent" : "form-submit",
					"label": "save",
					"type": "submit"
				}
			]
		}
			
}