{
    "documentDetails": [
                {
                    "id": "originalplan",
                    "widget": "textEditor",
                    "label": "ORIGINAL PLAN",
                    "required": true
                },
                {
                    "id": "description",
                    "widget": "textEditor",
                    "label": "DESCRIPTION AND JUSTIFICATION OF CHANGE",
                    "required": true
                },
                {
                    "id": "changeStartDate",
                    "widget": "datepicker",
                    "label": "CHANGE NEEDED BY",
                    "required": true,
                    "icon": "fa fa-calendar"
                },
                {
                    "id": "changeEndDate",
                    "widget": "datepicker",
                    "required": true,
                    "label": "CHANGE EFFECTED DATE",
                    "icon": "fa fa-calendar"
                },
                {
                    "id": "implemented",
                    "widget": "radioButton",
                    "required": false,
                    "label": "CLOSE OUT (CHANGE IMPLEMENTED)"
                },
                {
                    "id": "comments",
                    "widget": "textEditor",
                    "label": "IMPLEMENTATION COMMENT",
                    "required": false,
                    "editorPlugin": "primeNg",
                    "toolsInEditor": []
                }
            ],
    "documentHeader": [
            {
                "id": "name",
                "widget": "text",
                "label": "Name",
                "required": true
            },
            {
                "id": "description",
                "widget": "textEditor",
                "label": "DESCRIPTION ",
                "required": false,
                "editorPlugin": "primeNg",
                "toolsInEditor": []
            },
            {
                "id": "days",
                "widget": "select",
                "label": "SET # OF DAYS CLOSE OUT REMINDER* ",
                "required": false
            }
        ]
}