{
  "$schema": "Chevron/schemas/v1.1/events.json",
  "contentVersion": "1.1",
  "imports": [
        {
			"events": {
				"$ref": "pocEvents.json#/events"
			}
		}
  ],
  "events": [
    {
        "id": "window",
        "trigger": {
            "type": "Window",
            "hook": "onLoad"
        },
        "action": {
            "type": "rest",
            "param": {
                "request": {
                    "apiPath": "GetNewParameters",
                    "method": "POST",
                    "conditions": [],
                    "params": []
                },
                "response": {
                    
                }
            },
            "onSuccess": {
                "response": {
                    "responseStatus": "responseStatus",
                    "returnObject": "returnObj"
                }
            }
        }
    },
    {
        "id": "addTags",
        "trigger": {
            "type": "click"
        },
        "action": {
            "type": "modalPopup",
            "modalPopupName": "modalPopupName"
        }
    },
    {
        "id": "addWells",
        "trigger": {
            "type": "click"
        },
        "action": {
            "type": "modalPopup",
            "modalPopupName": "modalPopupName"
        }
    },
    {
        "id": "addRigs",
        "trigger": {
            "type": "click"
        },
        "action": {
            "type": "modalPopup",
            "modalPopupName": "modalPopupName"
        }
    },
    {
        "id": "addAttachements",
        "trigger": {
            "type": "click"
        },
        "action": {
            "type": "filsUpload"
        }
    }
  ]
}