{
  "articles": [
    {
      "id": 1,
      "articleTitle": "This is first article",
      "language": "eng",
      "category": "1",
      "subCategory": "2",
      "articleDescription": "Lorem Ipsum is simply dummy text of the printing and typesetting industry. Lorem Ipsum has been the industry's standard dummy text ever since the 1500s, when an unknown printer took a galley of type and scrambled it to make a type specimen book. It has survived not only five centuries, but also the leap into electronic typesetting, remaining essentially unchanged. It was popularised in the 1960s with the release of Letraset sheets containing Lorem Ipsum passages, and more recently with desktop publishing software like Aldus PageMaker including versions of Lorem Ipsum.",
      "keywords": "This is for article keywords",
      "attachments": "",
      "status": "Draft",
      "date": "4th april 2019"
    },
    {
      "id": 2,
      "articleTitle": "This is second article",
      "language": "tel",
      "category": "2",
      "subCategory": "1",
      "articleDescription": "Lorem Ipsum is simply dummy text of the printing and typesetting industry. Lorem Ipsum has been the industry's standard dummy text ever since the 1500s, when an unknown printer took a galley of type and scrambled it to make a type specimen book. It has survived not only five centuries, but also the leap into electronic typesetting, remaining essentially unchanged. It was popularised in the 1960s with the release of Letraset sheets containing Lorem Ipsum passages, and more recently with desktop publishing software like Aldus PageMaker including versions of Lorem Ipsum.",
      "keywords": "This is for article keywords",
      "attachments": "",
      "status": "Re-work",
      "date": "4th april 2019"
    },
    {
      "id": 3,
      "articleTitle": "This is third article",
      "language": "hin",
      "category": "3",
      "subCategory": "3",
      "articleDescription": "Lorem Ipsum is simply dummy text of the printing and typesetting industry. Lorem Ipsum has been the industry's standard dummy text ever since the 1500s, when an unknown printer took a galley of type and scrambled it to make a type specimen book. It has survived not only five centuries, but also the leap into electronic typesetting, remaining essentially unchanged. It was popularised in the 1960s with the release of Letraset sheets containing Lorem Ipsum passages, and more recently with desktop publishing software like Aldus PageMaker including versions of Lorem Ipsum.",
      "keywords": "This is for article keywords",
      "attachments": "",
      "status": "Pending",
      "date": "4th april 2019"
    },
    {
      "id": 4,
      "articleTitle": "This is fourth article",
      "language": "tel",
      "category": "2",
      "subCategory": "1",
      "articleDescription": "Lorem Ipsum is simply dummy text of the printing and typesetting industry. Lorem Ipsum has been the industry's standard dummy text ever since the 1500s, when an unknown printer took a galley of type and scrambled it to make a type specimen book. It has survived not only five centuries, but also the leap into electronic typesetting, remaining essentially unchanged. It was popularised in the 1960s with the release of Letraset sheets containing Lorem Ipsum passages, and more recently with desktop publishing software like Aldus PageMaker including versions of Lorem Ipsum.",
      "keywords": "This is for article keywords",
      "attachments": "",
      "status": "Reject",
      "date": "4th april 2019"
    },
    {
      "id": 5,
      "articleTitle": "This is fifth article",
      "language": "hin",
      "category": "2",
      "subCategory": "1",
      "articleDescription": "Lorem Ipsum is simply dummy text of the printing and typesetting industry. Lorem Ipsum has been the industry's standard dummy text ever since the 1500s, when an unknown printer took a galley of type and scrambled it to make a type specimen book. It has survived not only five centuries, but also the leap into electronic typesetting, remaining essentially unchanged. It was popularised in the 1960s with the release of Letraset sheets containing Lorem Ipsum passages, and more recently with desktop publishing software like Aldus PageMaker including versions of Lorem Ipsum.",
      "keywords": "This is for article keywords",
      "attachments": "",
      "status": "Published",
      "date": "4th april 2019"
    },
    {
      "id": 6,
      "articleTitle": "This is first article",
      "language": "eng",
      "category": "1",
      "subCategory": "2",
      "articleDescription": "This is test description for article one",
      "keywords": "This is for article keywords",
      "attachments": "",
      "status": "Draft",
      "date": "4th april 2019"
    },
    {
      "id": 7,
      "articleTitle": "This is second article",
      "language": "tel",
      "category": "2",
      "subCategory": "1",
      "articleDescription": "This is test description for article two",
      "keywords": "This is for article keywords",
      "attachments": "",
      "status": "Re-work",
      "date": "4th april 2019"
    },
    {
      "language": "tel",
      "category": "2",
      "subCategory": "2",
      "articleTitle": "This is first article test",
      "articleDescription": "<p>test</p>",
      "keywords": "This is for article keywords test",
      "status": "Pending",
      "date": "25 May 2020",
      "id": 8
    },
    {
      "language": "tel",
      "category": "2",
      "subCategory": "1",
      "articleTitle": "This is first article test",
      "articleDescription": "<p>test</p>",
      "keywords": "This is for article keywords test",
      "status": "Re-work",
      "date": "25 May 2020",
      "id": 9
    },
    {
      "language": "tel",
      "category": "2",
      "subCategory": "2",
      "articleTitle": "This is first article test",
      "articleDescription": "<p>asfasfsa</p>",
      "keywords": "This is for article keywords test",
      "status": "Pending",
      "date": "25 May 2020",
      "id": 10
    },
    {
      "language": "tel",
      "category": "2",
      "subCategory": "2",
      "articleTitle": "This is first article testasdfasfasdf",
      "articleDescription": "<p>asdfasfdasd</p>",
      "keywords": "This is for article keywords test",
      "status": "Pending",
      "date": "25 May 2020",
      "id": 11
    },
    {
      "language": "tel",
      "category": "2",
      "subCategory": "2",
      "articleTitle": "This is first article ",
      "articleDescription": "<p>asdfasfsad</p>",
      "keywords": "This is for article keywords test",
      "status": "Re-work",
      "date": "25 May 2020",
      "id": 12
    },
    {
      "language": "tel",
      "category": "2",
      "subCategory": "2",
      "articleTitle": "This is first article ",
      "articleDescription": "asdfasdf",
      "keywords": "This is for article keywords test",
      "status": "Pending",
      "date": "25 May 2020",
      "id": 13
    },
    {
      "language": "eng",
      "category": "1",
      "subCategory": "1",
      "articleTitle": "India Won't Sit And Watch Subversion Of International Order: Envoy",
      "articleDescription": "<p><strong>WASHINGTON:&nbsp;</strong></p><p>Emphasising upon the need to &quot;preserve&quot; a global order based on international rules that all can adhere to, India&#39;s Ambassador to the United States, Harsh Vardhan Shringla, on Tuesday said New Delhi will &quot;not sit back and watch&quot; subversion of this order.</p><p>In an interaction with the Carnegie Endowment for International Peace, a top US think-tank, Mr Shringla also said that it is necessary to make changes in international organisations, including the UN, based on ground realities of the 21st century.</p><p>India&#39;s co-operation with countries like United States and Japan, among other things, is to preserve &quot;our concept of a global order which is based on certain international rules that all of us can adhere to&quot;, he said, responding to a question during his interaction, the first one after his arrival in the US early this year.</p><p>&quot;The subversion of this order is not something that we will like to sit back and watch,&quot; the Indian diplomat added.</p><p>The countries like the United States, Japan and India believe there are many ways under which &quot;a transparent rules-based order&quot; can work globally, he added.</p><p>Talking about the ongoing general elections in the country, Mr Shringla said it is an exercise which is unparallel in democracy in terms of the scale and magnitude. &quot;It is not just the scale, but also the commitment to democracy,&quot; he said.</p><p>&quot;I think the decision as to who would run the country for the next five years will largely be made by the younger generation in India because 70 per cent of the country today is below 35 years of age. A good 80 to 90 million voters are the first-time voters who have no ideological commitment to either side,&quot; Mr Shringla added</p><p>&quot;What they&#39;re going to see is, which is the dispensation - which party or group of parties and persons - can lead the country for the next five years. We have to keep in mind that this is an aspirational generation, a generation that is looking forward, that has a lot of hopes and dreams,&quot; he said.</p><p>Asserting that India is committed not only to multilateralism and a rule-based international governance but also to co-operation among various countries, he said India has made a &quot;very significant&quot; contribution to it.</p><p>&quot;If there is some sense of a challenge to the existing international order, it is also because there is a need to continue to reform these institutions to bring them in line with the changing realities,&quot; the top diplomat said.</p><p>Many of these institutions, he said, have existed in almost the same form since the end of the Second World War.</p><p>&quot;India and a lot of other countries believe these institutions need to make adjustments necessary to make them more effective, more acceptable and more cohesive instruments of international cooperation,&quot; he said.</p><p>&quot;I think these institutions do need to change as they go along,&quot; he said.</p><p>Observing that the US is one of the &quot;main initiators and creators&quot; of the multilateral global order, Mr Shringla said any second thought that emanates from the US about how these institutions should be run, is something that people sit up and listen.</p><p>Responding to a question on Pakistan, he said India has always taken the lead in engaging with its neighbour.</p><p>But any support to terrorism will not be tolerated, he asserted.</p><p>Referring to the global support that India enjoys on the issue against terrorism, he said there is no place for terrorism.</p><p>&quot;Most people, even in Pakistan, I think, would agree that terrorism is something that has to be dealt with before we get down to issues that are important to both countries,&quot; he said.</p><p>&quot;But it is very clear that that we cannot have any more incidents of terrorism from across the border, because that is a serious threat to our integrity, development and our economic efforts,&quot; he said.</p><p><a href=\"javascript%3Avoid(0);\"><em>COMMENT</em></a></p><p>&quot;What is important is that the international community has to put adequate pressure on Pakistan to stop terrorism as an instrument of state policy,&quot; he said.</p>",
      "keywords": "National news",
      "status": "Draft",
      "date": "1 June 2020",
      "id": 14
    },
    {
      "language": "eng",
      "category": "2",
      "subCategory": "2",
      "articleTitle": "India Won't Sit And Watch Subversion Of International Order: Envoy ",
      "articleDescription": "<p><strong><br>WASHINGTON: </strong></p><p>Emphasising upon the need to &quot;preserve&quot; a global order based on international rules that all can adhere to, India&#39;s Ambassador to the United States, Harsh Vardhan Shringla, on Tuesday said New Delhi will &quot;not sit back and watch&quot; subversion of this order.</p><p>In an interaction with the Carnegie Endowment for International Peace, a top US think-tank, Mr Shringla also said that it is necessary to make changes in international organisations, including the UN, based on ground realities of the 21st century.</p><p>India&#39;s co-operation with countries like United States and Japan, among other things, is to preserve &quot;our concept of a global order which is based on certain international rules that all of us can adhere to&quot;, he said, responding to a question during his interaction, the first one after his arrival in the US early this year.</p><p>&quot;The subversion of this order is not something that we will like to sit back and watch,&quot; the Indian diplomat added.</p><p>The countries like the United States, Japan and India believe there are many ways under which &quot;a transparent rules-based order&quot; can work globally, he added.</p><p>Talking about the ongoing general elections in the country, Mr Shringla said it is an exercise which is unparallel in democracy in terms of the scale and magnitude. &quot;It is not just the scale, but also the commitment to democracy,&quot; he said.</p><p>&quot;I think the decision as to who would run the country for the next five years will largely be made by the younger generation in India because 70 per cent of the country today is below 35 years of age. A good 80 to 90 million voters are the first-time voters who have no ideological commitment to either side,&quot; Mr Shringla added</p><p>&quot;What they&#39;re going to see is, which is the dispensation - which party or group of parties and persons - can lead the country for the next five years. We have to keep in mind that this is an aspirational generation, a generation that is looking forward, that has a lot of hopes and dreams,&quot; he said.</p><p>Asserting that India is committed not only to multilateralism and a rule-based international governance but also to co-operation among various countries, he said India has made a &quot;very significant&quot; contribution to it.</p><p>&quot;If there is some sense of a challenge to the existing international order, it is also because there is a need to continue to reform these institutions to bring them in line with the changing realities,&quot; the top diplomat said.</p><p>Many of these institutions, he said, have existed in almost the same form since the end of the Second World War.</p><p>&quot;India and a lot of other countries believe these institutions need to make adjustments necessary to make them more effective, more acceptable and more cohesive instruments of international cooperation,&quot; he said.</p><p>&quot;I think these institutions do need to change as they go along,&quot; he said.</p><p>Observing that the US is one of the &quot;main initiators and creators&quot; of the multilateral global order, Mr Shringla said any second thought that emanates from the US about how these institutions should be run, is something that people sit up and listen.</p><p>Responding to a question on Pakistan, he said India has always taken the lead in engaging with its neighbour.</p><p>But any support to terrorism will not be tolerated, he asserted.</p><p>Referring to the global support that India enjoys on the issue against terrorism, he said there is no place for terrorism.</p><p>&quot;Most people, even in Pakistan, I think, would agree that terrorism is something that has to be dealt with before we get down to issues that are important to both countries,&quot; he said.</p><p>&quot;But it is very clear that that we cannot have any more incidents of terrorism from across the border, because that is a serious threat to our integrity, development and our economic efforts,&quot; he said.</p><p><a href=\"http://localhost:4200/javascript%3Avoid(0);\"><em>COMMENT</em></a></p><p>&quot;What is important is that the international community has to put adequate pressure on Pakistan to stop terrorism as an instrument of state policy,&quot; he said.<img src=\"blob:http://localhost:4200/20c844ba-3c0d-474a-817d-4c7793c3675c\" style=\"width: 731px;\" class=\"fr-fic fr-dib\"></p>",
      "keywords": "National news",
      "status": "Pending",
      "date": "1 June 2020",
      "id": 15
    }
  ],
  "category": [
    {
      "id": 1,
      "categoryName": "Category 1",
      "activeStatus": true,
      "status": true
    },
    {
      "id": 2,
      "activeStatus": true,
      "categoryName": "Category 2"
    },
    {
      "id": 3,
      "activeStatus": true,
      "categoryName": "Category 3"
    }
  ],
  "subcategory": [
    {
      "id": 1,
      "category": "1",
      "subCategoryName": "Sub Category 1"
    },
    {
      "id": 2,
      "category": "2",
      "subCategoryName": "Sub Category 2"
    },
    {
      "id": 3,
      "category": "3",
      "subCategoryName": "Sub Category 3"
    },
    {
      "category": "1",
      "subCategoryName": "test",
      "id": 4
    }
  ],
  "languages": [
    {
      "id": 1,
      "name": "English",
      "shortName": "eng"
    },
    {
      "id": 2,
      "name": "Telugu",
      "shortName": "tel"
    },
    {
      "id": 3,
      "name": "Hindi",
      "shortName": "hin"
    }
  ],
  "users": [
    {
      "id": 1,
      "userName": "sankar",
      "fullName": "sankar yeturi",
      "email": "sankar@gmail.com",
      "jobTitle": "Admin",
      "phoneNumber": "9876543210",
      "configuration": "",
      "isEnabled": true,
      "isLockedOut": true,
      "roles": ""
    }
  ],
  "clinicData": [
	{"address":"180 DEPOT ROAD #01-07 SINGAPORE 109684","area":"BUKIT MERAH","clinicName":"ACACIA MEDICAL CLINIC","doctors":"DR BENJAMIN TAN","faxNo":"66840247","id":78.0,"location":"CENTRAL","monFri":"9.00AM-12.00PM, 6.00PM-9.00PM","postalCode":"109684","ppc":null,"publicHoliday":"CLOSED","remarks":"","sat":"9.00AM-12.00PM 6.00PM-9.00PM","sun":"CLOSED","telNo":"66840274","bookmarkId":null,"latitude":"1.2817712","longitude":"103.8030329","distance":0.0,"productCode":"AHB","bookmarkStatus":"false"},{"address":"BLK 59 NEW UPPER CHANGI ROAD #01-1268 SINGAPORE 461059","area":"UPPER CHANGI","clinicName":"ACCESS MEDICAL (BEDOK SOUTH)","doctors":"DR LIM YONG CHIN","faxNo":"64453200","id":316.0,"location":"EAST","monFri":"7:00AM - 1:00PM, 6:00PM - 12:00MN","postalCode":"461059","ppc":null,"publicHoliday":"7:00AM - 1:00PM 6:00PM - 12:00MN","remarks":"","sat":"7:00AM - 1:00PM 6:00PM - 12:00MN","sun":"7:00AM - 1:00PM 6:00PM - 12:00MN","telNo":"64453100","bookmarkId":null,"latitude":"1.324065","longitude":"103.9406738","distance":0.0,"productCode":"AHB","bookmarkStatus":"false"},{"address":"BLK 164 BUKIT BATOK STREET 11 #01-152 SINGAPORE 650164","area":"BUKIT BATOK","clinicName":"ACCESS MEDICAL (BUKIT BATOK)","doctors":"DR LIM YONG CHIN","faxNo":"68732456","id":70.0,"location":"WEST","monFri":"7.00AM-1.00PM, 6.00PM-12.00MN","postalCode":"650164","ppc":null,"publicHoliday":"7.00AM-1.00PM 6.00PM-12.00MN","remarks":"","sat":"7.00AM-1.00PM 6.00PM-12.00MN","sun":"7.00AM-1.00PM 6.00PM-12.00MN","telNo":"68732458","bookmarkId":null,"latitude":"1.3477341","longitude":"103.74281","distance":0.0,"productCode":"AHB","bookmarkStatus":"false"}
  ]
}